Hackney North & Stoke Newington	£0	£1,618	£19,323	£83,648	£4,064	£0	£389	£1,322	£2,038	£0
Belfast West	£18,755	£0	£19,004	£66,778	£9,285	£1,341	£127	£320	£1,779	£0
Paisley North	£20,701	£0	£18,946	£70,313	£23,765	£2,742	£111	£350	£1,837	£0
Carmarthen West & South Pembrokeshire	£11,496	£1,618	£12,757	£68,376	£12,113	£226	£746	£1,658	£1,888	£0
Coventry North East	£19,275	£1,618	£18,578	£71,082	£9,152	£247	£667	£1,437	£1,818	£0
East Surrey	£13,924	£0	£18,083	£71,147	£2,344	£18	£556	£1,707	£1,940	£0
Paisley South	£20,902	£1,618	£19,316	£62,552	£13,971	£0	£4,259	£12,081	£1,922	£0
Sheffield, Hallam	£16,269	£0	£18,876	£70,051	£6,449	£257	£1,258	£3,450	£1,984	£0
Nottingham North	£20,896	£0	£19,325	£68,765	£13,550	£1,623	£5,373	£21,517	£1,563	£908
Southend West	£20,902	£0	£18,192	£78,541	£6,215	£92	£953	£3,501	£1,994	£8,209
Devizes	£14,164	£0	£18,980	£72,011	£7,980	£267	£418	£2,186	£1,575	£3,454
Swansea East	£20,902	£0	£8,521	£86,705	£10,607	£44	£194	£652	£1,560	£0
Rossendale & Darwen	£20,902	£0	£19,325	£70,336	£24,688	£2,042	£2,739	£9,900	£1,104	£0
North East Hampshire	£20,902	£0	£19,096	£72,298	£6,701	£0	£433	£1,308	£1,859	£0
North West Durham	£12,708	£1,618	£18,877	£62,810	£14,360	£856	£523	£1,658	£1,861	£0
Falmouth & Camborne	£18,059	£0	£18,860	£81,227	£14,233	£1,264	£1,858	£7,016	£1,954	£0
Staffordshire Moorlands	£20,902	£1,618	£18,073	£67,661	£14,274	£2,770	£1,165	£1,534	£1,670	£0
Bournemouth East	£18,328	£0	£19,325	£66,458	£7,703	£1,687	£349	£894	£1,769	£0
Hexham	£20,902	£0	£18,953	£70,336	£15,389	£2,765	£476	£2,138	£1,504	£0
Erith & Thamesmead	£10,898	£0	£19,156	£74,138	£4,017	£0	£566	£1,471	£1,622	£0
South Norfolk	£20,902	£0	£19,325	£72,269	£10,766	£374	£1,400	£4,101	£1,880	£0
West Bromwich West	£20,549	£0	£15,479	£71,681	£8,490	£1,377	£1,163	£2,433	£1,849	£0
Redcar	£17,633	£0	£18,395	£70,990	£14,793	£3,015	£747	£3,125	£1,767	£0
Lewes	£20,823	£0	£20,636	£70,489	£6,180	£81	£1,653	£3,849	£1,876	£0
Banbury	£19,007	£0	£19,121	£68,107	£6,645	£154	£1,091	£2,693	£1,537	£0
West Ham	£20,902	£0	£14,674	£80,040	£3,454	£0	£754	£1,685	£1,948	£361
Bexhill & Battle	£20,902	£0	£18,862	£70,118	£5,339	£0	£293	£1,335	£1,961	£0
North East Derbyshire	£20,021	£0	£7,898	£72,923	£9,174	£1,114	£391	£1,366	£1,792	£0
Billericay	£20,902	£0	£17,972	£75,003	£3,924	£99	£2,697	£13,702	£1,922	£0
Edinburgh West	£18,433	£0	£19,139	£68,677	£13,405	£1,517	£3,150	£7,053	£1,811	£0
Rother Valley	£20,902	£0	£12,280	£79,320	£13,012	£485	£457	£0	£1,556	£0
Leeds West	£16,083	£0	£19,201	£70,282	£12,270	£2,266	£1,468	£3,548	£1,929	£0
York, City of	£20,902	£0	£19,325	£70,303	£14,989	£1,482	£1,596	£6,027	£1,804	£0
Bexleyheath & Crayford	£20,677	£0	£9,370	£80,419	£8,114	£0	£825	£2,125	£1,300	£0
Derby South	£19,088	£0	£5,680	£91,136	£0	£404	£835	£3,450	£1,852	£0
Aberdeen South	£20,280	£0	£18,917	£66,744	£12,893	£4,933	£2,916	£7,888	£1,981	£0
East Antrim	£16,722	£0	£14,072	£71,710	£15,849	£2,139	£334	£1,252	£1,399	£0
Berwick-upon-Tweed	£12,595	£0	£18,631	£65,969	£14,536	£799	£523	£2,667	£1,717	£0
Middlesbrough	£20,899	£0	£9,625	£64,356	£26,746	£2,770	£264	£70	£1,847	£0
North West Norfolk	£20,850	£0	£19,240	£72,114	£8,859	£1,904	£1,516	£4,685	£1,901	£195
Leeds Central	£10,023	£1,618	£19,197	£64,326	£7,474	£218	£540	£2,823	£2,053	£0
Denton & Reddish	£20,902	£0	£14,811	£70,756	£14,811	£840	£613	£1,120	£1,658	£0
Bootle	£20,902	£0	£9,970	£75,184	£13,075	£543	£1,742	£1,534	£1,900	£1,732
Buckingham	£20,902	£0	£14,922	£73,192	£9,675	£46	£1,579	£3,370	£1,866	£627
Mole Valley	£9,154	£0	£10,143	£64,347	£5,170	£0	£315	£1,765	£1,405	£0
Kingswood	£19,966	£0	£19,325	£66,458	£8,435	£1,771	£1,389	£3,292	£2,042	£0
Leeds North West	£20,902	£0	£16,708	£67,866	£9,365	£956	£955	£2,962	£1,900	£0
Sheffield, Attercliffe	£20,902	£0	£19,325	£74,214	£12,508	£549	£1,562	£5,810	£1,888	£2,822
Erewash	£20,893	£0	£18,961	£70,609	£9,416	£732	£1,522	£5,336	£1,907	£1,286
Sedgefield	£16,417	£0	£2,399	£72,481	£439	£170	£214	£0	£1,876	£0
Salford	£20,808	£1,618	£16,922	£66,457	£12,022	£3,416	£1,415	£2,399	£1,925	£0
Waveney	£20,902	£0	£18,940	£70,720	£7,715	£495	£2,167	£5,629	£1,888	£2,235
Sheffield, Brightside	£20,608	£0	£14,325	£71,458	£3,952	£960	£1,003	£3,424	£1,769	£0
Reigate	£20,902	£0	£15,906	£76,425	£4,534	£0	£825	£1,664	£1,921	£0
Brent South	£0	£1,618	£10,594	£69,230	£1,280	£0	£957	£2,078	£2,015	£0
South Ribble	£17,495	£0	£17,940	£68,471	£11,873	£2,013	£2,454	£5,598	£1,950	£0
Daventry	£5,311	£0	£16,861	£71,872	£4,741	£0	£715	£2,937	£1,920	£0
Worthing West	£14,836	£0	£19,313	£63,930	£6,943	£240	£309	£1,091	£1,898	£0
South West Surrey	£20,785	£0	£9,320	£84,218	£5,829	£155	£854	£1,898	£1,953	£0
Manchester, Withington	£16,200	£0	£19,325	£66,458	£13,646	£568	£2,722	£4,477	£1,979	£0
Wrekin, The	£13,573	£0	£17,982	£70,681	£9,309	£0	£2,298	£3,673	£1,921	£0
Exeter	£13,160	£1,618	£15,044	£70,566	£4,250	£1,924	£1,744	£5,422	£1,877	£0
Altrincham & Sale West	£20,902	£0	£15,576	£73,130	£11,627	£626	£810	£2,449	£2,074	£0
Carshalton & Wallington	£0	£1,618	£19,325	£77,205	£2,342	£48	£2,007	£4,498	£1,963	£0
Canterbury	£11,692	£0	£15,386	£78,090	£5,033	£255	£696	£3,025	£1,946	£0
South East Cornwall	£20,902	£0	£18,563	£67,581	£15,849	£686	£636	£2,065	£1,929	£0
Cardiff West	£12,991	£0	£15,998	£64,156	£11,007	£792	£499	£1,835	£1,968	£0
Mid Dorset & North Poole	£17,509	£0	£19,325	£70,180	£5,807	£342	£996	£2,454	£1,968	£0
Dunfermline East	£20,285	£0	£9,721	£80,949	£14,899	£5,622	£1,059	£2,913	£1,880	£0
Newcastle upon Tyne East & Wallsend	£20,902	£0	£15,986	£73,612	£17,624	£698	£236	£608	£1,966	£0
Dumfries	£20,214	£0	£19,325	£63,454	£15,858	£2,489	£2,674	£7,532	£1,977	£3,232
Kilmarnock & Loudoun	£18,389	£1,618	£14,621	£64,103	£5,830	£0	£1,332	£4,270	£1,892	£0
Tiverton & Honiton	£20,902	£0	£8,315	£87,118	£11,539	£122	£975	£3,138	£1,805	£0
Gordon	£20,902	£0	£18,808	£70,841	£21,178	£2,497	£630	£1,426	£1,970	£8,561
Rhondda	£20,902	£0	£18,511	£73,319	£14,963	£1,673	£1,116	£2,166	£1,907	£0
Regent's Park & Kensington North	£0	£1,618	£17,510	£79,342	£867	£0	£1,823	£2,520	£1,822	£3,911
Birmingham, Northfield	£20,902	£0	£19,287	£70,100	£8,891	£614	£2,537	£7,876	£1,973	£0
Elmet	£20,060	£0	£19,325	£68,125	£12,223	£2,002	£1,936	£4,814	£1,877	£0
Torridge & West Devon	£20,902	£0	£21,225	£74,214	£22,836	£2,425	£649	£1,253	£2,022	£0
Leigh	£18,501	£0	£19,324	£68,393	£14,614	£780	£771	£2,163	£1,938	£0
West Chelmsford	£17,755	£0	£19,191	£72,871	£8,411	£55	£819	£2,085	£1,875	£1,303
South Antrim	£20,808	£0	£18,276	£71,384	£27,163	£281	£130	£84	£1,943	£3,109
Sutton & Cheam	£0	£1,618	£19,302	£77,534	£2,964	£17	£3,156	£8,197	£1,878	£0
North East Bedfordshire	£11,081	£0	£17,393	£71,945	£7,922	£95	£1,009	£1,356	£1,842	£0
Bournemouth West	£20,902	£0	£15,960	£73,697	£5,560	£0	£575	£1,540	£1,713	£0
North Tyneside	£17,638	£0	£17,235	£65,911	£15,384	£1,007	£1,229	£2,713	£1,864	£0
Birmingham, Hodge Hill	£15,164	£0	£16,387	£51,307	£6,139	£269	£8,416	£22,427	£1,179	£0	Byrne	Liam
Twickenham	£0	£1,618	£19,269	£76,812	£4,164	£0	£1,436	£4,899	£2,010	£0
Sheffield Central	£20,017	£1,618	£18,254	£71,406	£16,021	£704	£700	£1,445	£1,094	£0
Greenock & Inverclyde	£20,902	£0	£19,042	£66,219	£17,218	£372	£3,541	£16,423	£1,968	£0
Witney	£20,902	£0	£18,619	£73,882	£5,387	£0	£844	£1,913	£1,907	£0
Tynemouth	£19,829	£0	£19,307	£66,476	£19,195	£674	£1,737	£4,468	£1,943	£0
Cambridge	£14,531	£0	£18,355	£70,277	£2,002	£137	£1,526	£4,936	£1,787	£2,422
East Londonderry	£16,060	£0	£6,775	£66,562	£27,726	£229	£401	£1,388	£2,010	£0
North East Fife	£15,071	£0	£14,658	£64,738	£20,383	£1,006	£709	£2,745	£1,725	£0
Blyth Valley	£20,902	£0	£19,316	£68,351	£16,655	£2,473	£65	£429	£1,866	£0
Hove	£20,902	£1,618	£13,979	£63,595	£13,813	£137	£703	£2,205	£1,987	£60
Orkney & Shetland	£18,928	£0	£19,191	£70,482	£28,690	£656	£485	£1,464	£1,366	£0
Wimbledon	£18,680	£0	£17,625	£77,483	£6,093	£0	£5,939	£5,613	£1,953	£0
Stone	£20,902	£0	£19,325	£70,091	£13,238	£1,550	£255	£726	£1,592	£0
Gower	£7,995	£0	£12,683	£74,202	£9,214	£7	£424	£1,684	£1,838	£0
Brigg & Goole	£18,415	£0	£19,325	£63,836	£12,674	£396	£1,579	£3,583	£2,034	£0
Morley & Rothwell	£13,190	£0	£18,766	£66,976	£10,638	£3,692	£1,180	£4,913	£1,831	£0
Wirral South	£20,902	£0	£19,325	£74,213	£24,329	£0	£1,365	£3,830	£1,892	£0
Chipping Barnet	£10,291	£0	£13,440	£77,232	£3,048	£140	£468	£1,763	£1,903	£0
Bury North	£20,902	£0	£19,325	£74,214	£9,122	£2,358	£1,577	£2,429	£1,966	£0
Eastleigh	£18,479	£0	£18,550	£74,416	£13,744	£50	£660	£1,781	£1,953	£0
Christchurch	£19,858	£0	£19,325	£66,598	£7,895	£0	£487	£1,700	£1,420	£0
Barnsley West & Penistone	£16,095	£0	£13,398	£53,353	£10,370	£181	£1,233	£3,935	£1,799	£0
Hertsmere	£10,656	£0	£1,202	£79,638	£8,198	£0	£0	£0	£1,560	£0
Peterborough	£19,890	£0	£19,316	£68,731	£9,326	£231	£620	£2,866	£1,911	£0
Edinburgh, Pentlands	£20,902	£1,618	£7,461	£58,479	£11,527	£281	£311	£1,367	£727	£0
Gillingham	£20,746	£1,618	£19,316	£70,850	£6,826	£232	£2,226	£2,522	£1,974	£0
Norwich South	£20,902	£1,618	£19,325	£68,428	£5,917	£136	£689	£1,916	£1,748	£0
Rushcliffe	£10,714	£0	£8,054	£76,624	£5,265	£0	£739	£2,146	£1,796	£0
Coatbridge & Chryston	£14,315	£0	£11,225	£70,845	£21,664	£369	£462	£990	£1,757	£0
Northampton South	£17,685	£0	£18,771	£70,353	£5,633	£391	£944	£1,067	£1,954	£491
Tyne Bridge	£20,753	£0	£19,325	£62,433	£19,575	£1,778	£210	£0	£1,934	£0
Cotswold	£14,719	£0	£14,252	£72,199	£4,592	£50	£670	£2,604	£2,002	£418
Cynon Valley	£20,902	£0	£12,564	£62,672	£11,161	£383	£666	£4,544	£1,975	£0
Gedling	£15,448	£1,618	£19,325	£68,189	£8,598	£1,178	£2,870	£8,406	£1,935	£0
Stockport	£19,434	£0	£19,229	£59,335	£15,397	£2,203	£1,175	£3,865	£2,021	£0
Leyton & Wanstead	£20,902	£0	£19,061	£77,798	£4,403	£100	£1,811	£5,434	£1,736	£0
Hammersmith & Fulham	£0	£1,618	£15,971	£79,927	£565	£0	£774	£2,297	£1,867	£0
Westmorland & Lonsdale	£20,902	£0	£17,035	£72,625	£12,312	£2,220	£725	£1,365	£1,898	£0
Putney	£0	£1,618	£14,407	£77,505	£0	£0	£560	£1,582	£1,885	£0
Falkirk East	£20,902	£0	£18,506	£71,139	£17,534	£955	£1,020	£4,577	£1,710	£4,035
Old Bexley & Sidcup	£20,902	£0	£19,251	£77,608	£7,426	£5	£972	£2,706	£1,979	£0
Stockton North	£20,902	£0	£18,668	£67,092	£16,134	£0	£690	£2,638	£1,527	£0
Pontefract & Castleford	£19,428	£1,618	£18,609	£71,051	£11,188	£2,039	£2,703	£8,186	£1,749	£0
Islington North	£0	£1,618	£14,281	£82,356	£1,777	£0	£1,839	£6,225	£1,793	£0
South Staffordshire	£20,862	£0	£14,067	£75,593	£7,607	£0	£1,314	£6,171	£933	£0
Bristol East	£20,900	£0	£15,917	£70,181	£8,958	£1,545	£994	£2,877	£1,952	£0
Weston-Super-Mare	£20,902	£0	£19,325	£73,863	£7,894	£1,537	£635	£2,130	£1,817	£6,310
Newcastle upon Tyne Central	£20,387	£0	£14,144	£76,916	£13,904	£1,385	£2,468	£4,253	£1,961	£0
Tooting	£0	£1,618	£16,162	£80,697	£17,134	£0	£1,046	£2,672	£1,308	£0
Beverley & Holderness	£19,225	£0	£2,475	£42,817	£8,997	£0	£51	£0	£0	£5,814
Dudley North	£12,865	£0	£19,325	£73,167	£8,471	£905	£906	£2,472	£1,958	£4,209
Bolton North East	£20,902	£0	£12,532	£77,010	£13,533	£194	£1,118	£2,428	£1,882	£0
Dagenham	£19,646	£0	£11,317	£78,042	£4,786	£0	£726	£285	£1,968	£0
Keighley	£20,160	£0	£19,113	£66,669	£14,373	£3,516	£3,489	£11,425	£1,934	£6,276
Hornchurch	£4,571	£0	£19,129	£77,606	£3,809	£0	£6,343	£23,802	£1,773	£0
Easington	£20,902	£0	£13,632	£75,675	£20,425	£3,933	£319	£1,232	£1,946	£0
Copeland	£20,902	£0	£14,650	£71,133	£17,775	£1,368	£318	£924	£1,612	£0
Coventry South	£16,101	£0	£13,551	£71,755	£10,859	£358	£555	£2,439	£1,882	£0
Workington	£15,875	£0	£8,996	£75,247	£16,145	£779	£552	£1,784	£1,737	£0
Skipton & Ripon	£20,902	£0	£10,411	£81,439	£14,545	£0	£339	£2,172	£1,725	£0
Crosby	£20,902	£0	£19,325	£74,178	£15,869	£2,478	£3,827	£12,890	£2,021	£1,862
Linlithgow	£20,902	£0	£16,059	£34,956	£12,210	£0	£599	£2,689	£562	£0
Edinburgh Central	£15,341	£1,618	£17,591	£65,468	£13,253	£0	£992	£1,964	£1,412	£0
Kingston & Surbiton	£0	£1,618	£19,325	£77,533	£3,139	£0	£1,372	£3,104	£1,961	£0
Bristol West	£9,185	£0	£17,828	£66,673	£2,651	£1,791	£1,276	£3,608	£1,453	£0
Caerphilly	£20,902	£0	£19,325	£66,458	£13,865	£960	£1,061	£1,779	£2,023	£0
Glasgow, Pollok	£20,901	£0	£19,322	£74,213	£20,155	£1,040	£3,453	£12,395	£1,738	£0
Llanelli	£8,690	£0	£5,237	£68,993	£16,205	£435	£110	£393	£0	£0
Croydon Central	£20,024	£0	£22,025	£77,493	£2,423	£90	£13,288	£38,750	£1,933	£0
Grantham & Stamford	£20,902	£0	£7,365	£83,778	£13,771	£1,627	£438	£2,092	£1,939	£0
Haltemprice & Howden	£19,404	£0	£17,875	£71,464	£12,966	£752	£681	£1,753	£1,790	£0
Birmingham, Hodge Hill	£2,508	£0	£3,814	£14,906	£2,386	£0	£315	£455	£1,525	£16,800	Davis	Terry
Lancaster & Wyre	£13,668	£0	£19,323	£70,295	£16,717	£2,363	£1,036	£3,156	£2,015	£0
Burton	£13,238	£0	£13,469	£71,760	£5,657	£379	£1,115	£2,893	£1,970	£0
Southampton, Itchen	£20,902	£0	£14,606	£70,420	£8,304	£472	£4,261	£11,397	£1,933	£0
Gloucester	£20,378	£0	£18,431	£74,814	£9,708	£1,987	£3,169	£7,649	£1,937	£0
Hendon	£5,067	£0	£19,325	£77,534	£5,350	£0	£11,347	£20,762	£1,862	£11,121
Huntingdon	£18,995	£0	£14,753	£64,273	£7,266	£127	£993	£2,411	£1,396	£0
Heywood & Middleton	£11,478	£0	£11,319	£75,003	£12,769	£1,116	£3,492	£5,152	£2,010	£0
Holborn & St Pancras	£0	£1,618	£12,341	£83,459	£1,824	£0	£834	£1,890	£1,702	£0
Belfast North	£20,902	£0	£19,196	£66,220	£25,603	£0	£1,322	£3,529	£1,877	£0
West Tyrone	£19,478	£0	£15,191	£66,712	£11,519	£0	£0	£0	£1,431	£0
Lagan Valley	£13,047	£0	£19,325	£66,458	£18,798	£0	£1,227	£2,815	£1,866	£0
Cunninghame South	£17,552	£0	£18,362	£71,108	£25,365	£1,110	£751	£1,916	£1,943	£0
Aberdeen Central	£20,897	£0	£19,325	£70,336	£26,886	£772	£3,539	£11,845	£2,096	£0
Charnwood	£18,045	£0	£10,120	£51,802	£10,682	£0	£528	£1,076	£1,945	£0
Guildford	£19,964	£0	£19,325	£70,336	£5,882	£40	£1,554	£3,947	£1,854	£0
Lewisham West	£0	£1,618	£19,325	£77,534	£2,431	£0	£555	£1,372	£1,979	£0
Stroud	£19,183	£0	£13,390	£69,548	£12,858	£0	£2,341	£8,697	£1,937	£0
South Swindon	£18,490	£0	£19,081	£69,743	£3,115	£68	£2,383	£7,658	£1,820	£0
Rutland & Melton	£20,843	£0	£22,712	£72,553	£12,086	£116	£561	£2,248	£1,996	£0
Galloway & Upper Nithsdale	£20,902	£0	£16,500	£70,395	£30,565	£651	£3,363	£13,769	£1,887	£0
Chingford & Woodford Green	£855	£0	£21,847	£85,699	£4,146	£0	£797	£1,656	£1,922	£0
Crewe & Nantwich	£3,119	£0	£18,580	£68,875	£10,945	£1,382	£669	£2,726	£1,722	£0
Wallasey	£14,182	£0	£18,665	£70,336	£12,770	£2,698	£1,882	£3,064	£1,806	£0
Liverpool, Garston	£8,926	£1,618	£15,554	£69,704	£12,122	£1,768	£1,733	£5,051	£1,984	£0
Monmouth	£20,713	£0	£18,469	£69,209	£11,464	£1,502	£881	£2,936	£1,795	£0
Eltham	£0	£1,618	£18,244	£78,614	£2,663	£0	£787	£2,820	£1,484	£1,416
Liverpool, Riverside	£20,902	£0	£15,473	£76,125	£12,056	£2,038	£1,209	£2,378	£1,964	£0
Barnsley East & Mexborough	£7,449	£0	£9,786	£63,337	£11,688	£1,006	£585	£1,740	£1,805	£0
Sunderland North	£20,902	£0	£19,325	£66,396	£16,972	£2,499	£399	£1,486	£2,021	£0
Ribble Valley	£20,902	£0	£17,505	£65,986	£18,589	£3,155	£766	£1,468	£1,565	£0
Perth	£20,833	£0	£18,378	£67,555	£14,351	£5,108	£674	£2,495	£1,822	£0
Lichfield	£20,902	£0	£12,981	£72,500	£9,772	£0	£515	£2,802	£1,330	£0
Sevenoaks	£16,825	£0	£15,099	£65,168	£5,847	£0	£823	£2,835	£1,829	£0
Newcastle-under-Lyme	£20,902	£0	£19,309	£74,214	£18,061	£2,172	£1,965	£6,623	£1,877	£0
Birkenhead	£11,250	£0	£16,850	£74,214	£8,733	£1,053	£762	£2,104	£1,487	£0
Cities of London & Westminster	£0	£1,618	£19,065	£77,643	£1,664	£0	£1,374	£4,320	£1,469	£0
Stoke-on-Trent Central	£6,891	£0	£5,242	£79,597	£11,095	£219	£355	£1,576	£1,966	£0
Poplar & Canning Town	£0	£1,618	£17,028	£77,898	£1,216	£0	£803	£2,153	£1,929	£0
Rochdale	£20,902	£0	£16,330	£68,930	£20,011	£683	£7,254	£19,701	£1,786	£762
Arundel & South Downs	£20,902	£0	£3,619	£89,919	£3,999	£0	£802	£1,842	£1,913	£0
Don Valley	£20,902	£1,618	£16,131	£59,313	£9,727	£1,041	£3,074	£10,245	£2,021	£0
Taunton	£20,902	£0	£19,073	£66,516	£13,772	£672	£879	£2,350	£1,968	£0
Newport West	£16,396	£0	£19,325	£68,558	£8,753	£535	£505	£1,582	£1,870	£0
Stevenage	£20,902	£0	£19,324	£76,931	£2,822	£0	£1,147	£4,757	£1,407	£0
Bromley & Chislehurst	£17,285	£0	£16,579	£74,819	£1,886	£0	£516	£1,259	£1,899	£0
Bishop Auckland	£20,902	£0	£18,862	£70,799	£21,060	£2,246	£314	£2,095	£1,619	£0
Bath	£15,504	£0	£18,123	£69,875	£7,809	£77	£818	£1,447	£1,914	£0
Worcester	£17,003	£0	£19,205	£70,360	£9,100	£195	£3,063	£8,368	£1,966	£0
Hastings & Rye	£12,816	£0	£19,325	£70,336	£7,487	£381	£2,357	£5,859	£1,989	£0
Carrick, Cumnock & Doon Valley	£15,698	£0	£13,990	£75,060	£26,735	£1,269	£2,416	£6,926	£1,842	£1,756
Woodspring	£13,250	£0	£17,437	£59,880	£10,284	£0	£673	£1,739	£1,839	£0
Aberavon	£20,902	£0	£19,319	£70,336	£8,953	£0	£456	£2,588	£1,973	£0
Rayleigh	£19,990	£0	£14,345	£67,128	£6,574	£11	£679	£2,048	£1,778	£0
North Thanet	£14,873	£0	£19,325	£68,146	£9,042	£0	£1,912	£6,073	£2,010	£2,934
Glasgow, Kelvin	£20,902	£0	£10,660	£86,198	£4,903	£1,856	£252	£1,640	£1,823	£16,838
Ilford South	£20,901	£0	£11,949	£84,900	£5,271	£0	£495	£1,260	£1,892	£0
Brent North	£20,902	£1,609	£11,702	£83,825	£6,262	£0	£1,043	£3,162	£1,940	£0
Harborough	£20,902	£0	£19,325	£53,660	£15,883	£0	£877	£4,083	£1,969	£0
St Ives	£16,382	£0	£19,325	£70,336	£23,321	£823	£1,496	£4,788	£1,911	£145
Walsall South	£18,979	£0	£17,289	£69,324	£7,945	£283	£256	£855	£1,667	£0
Walthamstow	£0	£1,618	£16,024	£75,470	£2,546	£0	£820	£1,610	£1,576	£0
Bognor Regis & Littlehampton	£20,902	£0	£12,208	£56,046	£9,104	£0	£795	£1,927	£1,489	£0
Norwich North	£19,790	£0	£19,120	£74,136	£3,948	£103	£988	£2,486	£1,888	£0
Romsey	£20,522	£0	£19,267	£65,216	£8,038	£142	£1,847	£4,872	£1,936	£0
Fermanagh & South Tyrone	£19,240	£0	£18,456	£71,205	£9,562	£678	£35	£38	£1,700	£0
Leicester South	£20,902	£0	£14,494	£53,487	£14,091	£769	£5,678	£9,304	£154	£0
Chesham & Amersham	£20,898	£0	£19,314	£70,336	£6,342	£0	£2,005	£6,865	£1,953	£0
Plymouth, Sutton	£16,007	£0	£19,220	£69,016	£9,139	£715	£1,482	£6,028	£1,791	£0
Birmingham, Sparkbrook & Small Heath	£20,902	£0	£19,282	£70,379	£15,791	£1,256	£1,345	£2,110	£1,979	£0
Wythenshawe & Sale East	£20,350	£1,618	£19,296	£66,462	£13,207	£1,792	£527	£829	£1,517	£0
Wycombe	£15,450	£0	£11,195	£75,843	£4,419	£0	£476	£700	£1,736	£0
North Wiltshire	£20,902	£0	£18,910	£73,964	£13,424	£485	£1,197	£3,558	£1,974	£0
Epsom & Ewell	£12,738	£0	£19,287	£77,356	£9,504	£121	£902	£2,877	£1,903	£0
Ashford	£20,561	£0	£18,361	£74,146	£6,778	£17	£242	£984	£1,831	£0
Ludlow	£13,693	£0	£18,644	£73,670	£10,828	£883	£1,333	£2,631	£1,832	£11,782
Ryedale	£20,902	£0	£17,377	£64,315	£15,981	£243	£393	£1,087	£1,875	£0
Beaconsfield	£16,940	£0	£18,017	£72,326	£2,009	£0	£1,017	£1,734	£1,814	£0
Reading East	£10,200	£0	£15,384	£73,770	£8,687	£414	£728	£1,746	£1,709	£0
Edinburgh South	£20,902	£1,618	£19,325	£70,214	£13,958	£2,925	£4,544	£14,031	£2,034	£0
Bridgend	£11,327	£0	£13,863	£72,029	£12,875	£1,451	£601	£1,996	£1,562	£0
Selby	£20,902	£0	£18,406	£75,132	£27,431	£2,310	£1,734	£2,884	£1,941	£0
Suffolk Coastal	£20,292	£0	£15,143	£74,037	£8,015	£552	£639	£2,307	£1,706	£0
Richmond (Yorks)	£20,823	£0	£12,194	£77,156	£13,250	£1,116	£500	£3,028	£1,909	£0
Neath	£19,519	£1,618	£17,540	£74,060	£7,328	£2,484	£3,827	£9,869	£1,966	£15,830
Weaver Vale	£20,902	£0	£18,314	£70,960	£14,059	£2,645	£1,219	£4,586	£2,000	£1,564
Bedford	£17,290	£0	£19,325	£69,441	£1,332	£17	£1,279	£3,739	£1,899	£0
Midlothian	£18,371	£0	£18,659	£68,273	£17,872	£956	£161	£714	£1,872	£0
Leeds North East	£20,902	£0	£17,506	£72,154	£12,754	£1,253	£2,277	£6,800	£1,984	£0
Runnymede & Weybridge	£20,902	£0	£9,338	£70,382	£3,565	£0	£278	£884	£1,974	£0
Portsmouth South	£12,739	£0	£18,859	£74,011	£10,135	£0	£1,099	£3,083	£1,920	£0
Delyn	£12,422	£0	£14,754	£70,335	£16,181	£0	£1,029	£3,257	£2,041	£0
Camberwell & Peckham	£0	£1,618	£18,843	£78,016	£444	£0	£2,370	£9,030	£1,983	£0
Oxford West & Abingdon	£16,547	£0	£19,324	£74,214	£5,327	£0	£929	£2,241	£1,961	£0
Glasgow, Cathcart	£20,902	£0	£18,865	£67,357	£14,462	£1,038	£645	£3,317	£1,854	£6,527
North Devon	£20,901	£0	£19,145	£70,296	£13,564	£1,354	£792	£2,495	£1,954	£0
Saffron Walden	£20,902	£1,618	£14,088	£57,920	£6,498	£149	£755	£1,254	£1,408	£0
Merthyr Tydfil & Rhymney	£20,902	£0	£17,638	£71,998	£8,498	£202	£366	£965	£1,820	£0
Surrey Heath	£20,900	£0	£8,975	£79,606	£10,184	£317	£45	£741	£1,901	£1,077
South Holland & The Deepings	£20,880	£0	£19,325	£73,204	£14,752	£180	£1,886	£5,370	£1,929	£16,607
Halesowen & Rowley Regis	£15,425	£1,618	£12,183	£67,458	£8,469	£172	£1,262	£3,387	£1,298	£0
North East Hertfordshire	£20,896	£0	£18,897	£70,764	£8,567	£198	£490	£2,061	£2,064	£0
Wentworth	£20,882	£1,618	£19,313	£66,231	£11,240	£1,684	£1,538	£2,557	£2,021	£0
Somerton & Frome	£19,477	£0	£19,300	£65,466	£10,616	£288	£444	£1,581	£2,064	£0
Wells	£20,692	£0	£16,072	£61,039	£8,763	£232	£654	£354	£1,782	£0
Newcastle upon Tyne North	£20,902	£0	£9,178	£75,033	£25,867	£1,230	£1,210	£4,119	£1,120	£0
Harwich	£20,153	£0	£19,325	£70,002	£6,662	£400	£2,220	£5,740	£2,010	£0
Preston	£20,902	£0	£16,813	£63,855	£13,975	£2,729	£4,007	£11,355	£1,630	£0
Wealden	£20,902	£0	£16,532	£80,215	£7,162	£48	£641	£1,952	£1,580	£0
Jarrow	£20,804	£0	£17,191	£68,592	£17,585	£1,400	£349	£1,173	£1,943	£0
Nottingham East	£20,902	£1,618	£19,282	£64,878	£6,967	£500	£2,289	£9,985	£1,952	£0
North Down	£15,426	£0	£8,759	£77,567	£12,088	£1,527	£569	£2,025	£1,829	£1,452
Wirral West	£20,851	£0	£18,977	£70,684	£13,856	£583	£6,079	£17,472	£1,629	£0
Leicester West	£15,274	£1,618	£18,181	£69,197	£2,510	£585	£2,746	£6,551	£1,892	£0
Ashton-under-Lyne	£20,902	£0	£16,719	£62,313	£16,008	£1,500	£835	£2,374	£2,049	£0
Streatham	£0	£1,618	£15,272	£78,345	£1,000	£0	£927	£2,810	£1,944	£0
Wakefield	£14,321	£0	£18,878	£65,892	£13,384	£239	£618	£2,854	£1,700	£0
Fareham	£20,049	£0	£19,259	£67,734	£9,619	£356	£1,012	£2,840	£1,967	£0
Barking	£0	£1,618	£13,937	£76,502	£0	£0	£944	£4,980	£1,401	£0
Vauxhall	£0	£1,618	£12,227	£75,367	£5,599	£0	£1,179	£2,585	£1,404	£0
Sleaford & North Hykeham	£20,902	£0	£17,130	£48,789	£9,137	£0	£1,359	£4,720	£1,963	£0
Chesterfield	£18,788	£0	£19,217	£70,439	£9,189	£154	£2,328	£4,370	£1,952	£12,168
Clydesdale	£20,864	£0	£19,127	£61,134	£21,623	£3,663	£467	£2,464	£2,064	£0
Ashfield	£20,902	£0	£19,325	£53,830	£3,042	£660	£365	£2,229	£1,786	£0
Corby	£20,763	£1,618	£17,673	£70,186	£10,104	£57	£1,859	£4,316	£1,907	£0
Luton North	£296	£0	£13,771	£69,206	£4,023	£0	£1,823	£4,693	£1,559	£0
Orpington	£6,673	£0	£19,321	£76,428	£3,236	£0	£531	£1,476	£1,142	£0
Folkestone & Hythe	£18,935	£1,618	£19,318	£74,207	£2,363	£0	£5,496	£9,793	£1,796	£0
Newport East	£20,902	£0	£11,738	£50,365	£12,542	£83	£379	£1,210	£1,406	£0
Knowsley North & Sefton East	£15,457	£0	£12,882	£69,034	£15,075	£0	£1,100	£3,012	£1,810	£0
Aldershot	£20,748	£0	£15,686	£73,936	£6,977	£27	£362	£1,501	£0	£0
Pontypridd	£13,102	£1,618	£12,515	£73,254	£11,895	£0	£705	£2,301	£1,892	£0
Chorley	£19,151	£0	£17,654	£75,846	£21,145	£2,409	£2,780	£4,134	£1,964	£0
Stretford & Urmston	£20,902	£4	£19,325	£64,766	£12,860	£2,622	£1,672	£5,601	£1,950	£0
Doncaster North	£16,150	£0	£15,437	£72,898	£10,131	£272	£249	£1,040	£1,822	£0
North Southwark & Bermondsey	£0	£1,618	£19,058	£76,941	£4,290	£0	£2,225	£5,415	£1,876	£0
Blackpool North & Fleetwood	£17,961	£0	£18,933	£65,041	£13,885	£891	£1,200	£3,378	£1,895	£0
Foyle	£1,509	£0	£19,325	£66,428	£8,913	£0	£0	£0	£1,483	£0
Basingstoke	£20,902	£0	£19,301	£66,502	£13,092	£0	£425	£817	£1,934	£4,530
Braintree	£2,249	£0	£13,002	£65,256	£5,584	£0	£647	£1,915	£2,060	£0
Barrow & Furness	£20,716	£1,618	£12,120	£71,631	£15,284	£3,905	£1,348	£3,170	£1,492	£0
Bolton South East	£15,816	£0	£15,965	£61,424	£8,860	£551	£559	£1,696	£1,862	£0
Barnsley Central	£20,747	£0	£12,393	£48,714	£12,905	£1,733	£374	£1,425	£1,933	£0
East Kilbride	£20,902	£1,618	£14,311	£44,436	£20,543	£1,059	£521	£1,680	£1,024	£0
Ogmore	£20,339	£0	£19,325	£70,208	£20,586	£960	£2,434	£10,413	£1,674	£0
Fylde	£17,557	£0	£14,725	£73,134	£13,572	£10	£1,222	£6,573	£1,847	£0
Hampstead & Highgate	£0	£1,618	£12,813	£83,959	£0	£0	£460	£1,389	£1,645	£18,139
Sheffield, Hillsborough	£17,063	£0	£18,512	£75,027	£13,997	£1,215	£1,656	£6,706	£2,041	£0
Wantage	£20,902	£0	£14,404	£71,745	£7,195	£0	£353	£1,658	£1,727	£0
Plymouth, Devonport	£19,942	£1,618	£19,325	£72,275	£14,391	£419	£310	£1,853	£1,773	£0
North Essex	£20,902	£0	£19,324	£72,687	£8,875	£0	£557	£1,360	£1,974	£13,710
Tamworth	£9,512	£0	£19,032	£69,483	£10,427	£0	£1,037	£2,014	£1,883	£0
Kingston upon Hull West & Hessle	£10,704	£1,618	£9,829	£61,425	£13,725	£1,128	£330	£1,010	£1,855	£0
Henley	£20,780	£0	£17,379	£73,709	£1,696	£0	£847	£3,922	£1,968	£0
Welwyn Hatfield	£20,902	£1,618	£19,079	£63,470	£4,185	£124	£801	£2,400	£922	£0
Warrington North	£20,900	£0	£19,313	£66,458	£13,252	£1,072	£1,723	£4,405	£1,992	£0
Cardiff Central	£15,320	£0	£15,934	£70,186	£11,378	£967	£1,375	£3,256	£1,987	£0
North Durham	£20,902	£0	£19,045	£67,957	£15,655	£1,390	£413	£1,335	£1,762	£0
Birmingham, Selly Oak	£16,319	£0	£8,165	£82,743	£6,716	£471	£1,700	£4,618	£1,998	£0
Clwyd South	£19,003	£0	£19,134	£74,096	£13,842	£469	£552	£3,041	£1,874	£0
Cheltenham	£20,275	£0	£16,200	£69,338	£12,755	£469	£211	£748	£1,896	£2,268
Dulwich & West Norwood	£0	£1,618	£10,320	£86,539	£538	£0	£1,050	£2,212	£2,069	£4,749
Falkirk West	£20,902	£0	£19,325	£70,183	£33,574	£5,382	£935	£2,465	£2,289	£0
Manchester, Gorton	£16,085	£0	£15,688	£57,099	£18,205	£848	£1,299	£2,615	£1,768	£8,167
Northampton North	£16,544	£0	£19,325	£67,981	£6,578	£221	£1,475	£3,013	£1,925	£0
Feltham & Heston	£16,144	£0	£14,942	£80,993	£2,314	£5	£1,001	£1,809	£1,974	£0
Brentford & Isleworth	£15,439	£0	£14,261	£75,901	£0	£0	£1,594	£3,424	£1,885	£0
Hereford	£20,886	£0	£18,488	£70,744	£16,905	£1,830	£1,854	£5,559	£1,996	£0
Bolton West	£19,287	£1,618	£17,852	£59,784	£6,019	£1,563	£659	£866	£1,787	£0
Houghton & Washington East	£20,759	£1,618	£19,125	£58,983	£14,249	£669	£618	£3,493	£1,814	£0
Ross, Skye & Inverness West	£20,902	£0	£19,325	£74,214	£13,798	£1,006	£1,065	£3,247	£1,900	£0
Liverpool, Wavertree	£17,674	£1,618	£19,008	£66,041	£7,980	£1,642	£395	£280	£1,908	£4,804
Salisbury	£18,774	£0	£18,955	£65,046	£6,575	£349	£437	£1,566	£1,784	£0
Ealing, Southall	£14,598	£0	£17,425	£75,703	£4,105	£0	£362	£700	£1,385	£0
Stafford	£12,838	£0	£19,322	£68,705	£4,793	£616	£2,445	£9,091	£1,862	£0
Liverpool, Walton	£20,902	£0	£18,403	£67,045	£14,737	£542	£759	£2,768	£1,863	£0
Rugby & Kenilworth	£20,540	£0	£15,927	£67,235	£8,203	£623	£1,166	£3,240	£1,954	£0
Bethnal Green & Bow	£0	£1,618	£18,763	£78,076	£2,423	£0	£13,841	£37,147	£2,109	£0
Bromsgrove	£20,901	£0	£19,162	£70,097	£13,267	£1,108	£2,353	£5,732	£1,875	£0
Roxburgh & Berwickshire	£18,806	£0	£4,709	£77,683	£18,133	£515	£487	£1,250	£2,015	£0
East Yorkshire	£20,902	£0	£15,775	£63,368	£15,075	£199	£997	£5,630	£1,966	£0
South Dorset	£18,708	£0	£14,754	£74,906	£8,371	£828	£2,834	£6,073	£1,840	£0
Middlesbrough South & East Cleveland	£20,902	£0	£19,202	£68,381	£18,057	£315	£7,556	£22,720	£1,711	£0
South Thanet	£20,753	£1,618	£19,188	£61,564	£7,389	£21	£937	£1,475	£1,966	£0
Epping Forest	£20,902	£0	£18,367	£72,255	£1,954	£0	£276	£500	£1,633	£576
Beckenham	£17,958	£0	£14,510	£80,890	£12,485	£0	£625	£2,447	£1,482	£0
North Norfolk	£17,084	£0	£19,325	£70,420	£8,447	£0	£1,452	£4,438	£1,877	£5,354
Tottenham	£0	£1,618	£16,847	£79,941	£1,320	£0	£2,705	£3,479	£1,916	£0
South Cambridgeshire	£17,165	£0	£15,227	£68,276	£7,378	£0	£813	£3,195	£1,696	£11,591
Preseli Pembrokeshire	£20,902	£0	£19,176	£71,697	£14,782	£113	£277	£952	£1,883	£0
Yeovil	£16,870	£0	£19,273	£70,378	£13,308	£347	£1,235	£6,415	£1,945	£0
Derby North	£20,902	£0	£15,018	£68,421	£11,019	£172	£690	£1,425	£2,010	£0
Edinburgh North & Leith	£19,459	£0	£19,325	£70,105	£12,422	£1,133	£1,396	£4,366	£1,794	£0
Gainsborough	£20,108	£0	£15,336	£62,367	£8,214	£0	£654	£1,372	£1,619	£0
Brighton, Pavilion	£10,667	£0	£19,025	£68,374	£2,719	£218	£2,327	£11,204	£1,397	£0
Shipley	£20,902	£1,618	£19,283	£62,499	£14,560	£898	£554	£602	£1,984	£0
West Dorset	£19,695	£0	£12,649	£69,976	£6,277	£126	£723	£1,524	£1,826	£0
High Peak	£20,780	£0	£19,325	£70,236	£11,185	£1,115	£3,155	£9,724	£1,959	£0
Bury South	£20,803	£1,618	£19,298	£66,265	£3,499	£2,818	£1,481	£2,740	£1,979	£0
New Forest East	£20,902	£0	£19,224	£68,397	£7,195	£340	£725	£2,659	£1,971	£0
Worsley	£11,938	£0	£16,614	£51,255	£14,785	£0	£52	£447	£1,326	£0
Airdrie & Shotts	£17,754	£0	£19,325	£66,064	£19,462	£1,867	£127	£334	£1,859	£0
Bridgwater	£20,607	£0	£15,771	£73,620	£11,835	£224	£1,277	£2,624	£1,906	£0
Aylesbury	£15,992	£0	£15,603	£66,134	£8,384	£37	£931	£3,492	£1,240	£0
Hitchin & Harpenden	£20,681	£0	£17,815	£77,533	£4,617	£239	£1,081	£3,680	£1,750	£0
Battersea	£0	£1,618	£19,290	£77,525	£1,519	£0	£3,326	£5,413	£1,911	£0
Manchester Central	£17,154	£0	£13,799	£56,213	£10,008	£120	£751	£2,100	£1,458	£0
Meirionnydd Nant Conwy	£13,060	£0	£17,748	£74,067	£16,159	£1,295	£469	£2,217	£1,231	£0
Central Suffolk & North Ipswich	£20,338	£1,618	£14,294	£69,809	£8,380	£0	£357	£1,302	£1,478	£0
East Worthing & Shoreham	£20,902	£0	£15,583	£76,645	£9,980	£27	£576	£2,144	£1,928	£0
Edmonton	£17,611	£0	£18,185	£77,341	£2,321	£0	£4,121	£10,662	£1,991	£0
Wrexham	£17,121	£0	£19,294	£64,923	£9,223	£866	£449	£1,712	£1,834	£0
Mid Worcestershire	£19,435	£1,618	£18,328	£61,507	£7,121	£299	£740	£1,819	£2,040	£0
Dundee East	£20,902	£0	£18,085	£66,229	£15,720	£1,933	£692	£1,722	£1,968	£0
Strathkelvin & Bearsden	£20,331	£0	£19,273	£66,510	£29,402	£4,177	£1,228	£4,536	£1,934	£0
Glasgow, Rutherglen	£20,751	£1,618	£19,325	£66,458	£20,333	£343	£511	£292	£1,685	£0
Birmingham, Hall Green	£14,010	£0	£17,270	£52,423	£7,721	£0	£4,850	£13,630	£1,748	£0
Calder Valley	£20,902	£0	£15,616	£77,923	£13,461	£230	£1,632	£4,067	£1,931	£0
Makerfield	£8,706	£1,618	£19,222	£62,416	£11,066	£2,432	£1,612	£4,150	£1,848	£0
Mitcham & Morden	£0	£1,618	£15,123	£81,340	£2,198	£0	£11,191	£37,442	£1,866	£0
Western Isles	£20,902	£0	£19,325	£63,481	£44,008	£1,254	£0	£0	£1,744	£0
Hayes & Harlington	£0	£1,618	£19,325	£77,534	£3,989	£0	£6,716	£19,477	£1,979	£0
Central Fife	£20,902	£0	£16,284	£73,376	£19,171	£0	£63	£385	£2,015	£0
Dumbarton	£20,902	£0	£18,461	£74,214	£22,648	£1,085	£1,037	£3,617	£1,874	£0
South Down	£12,301	£0	£19,325	£65,068	£20,514	£65	£424	£1,264	£1,504	£0
Mid Ulster	£15,683	£0	£19,133	£66,649	£17,092	£0	£0	£0	£1,294	£0
Stirling	£18,135	£1,618	£18,110	£60,332	£13,912	£1,439	£1,030	£3,761	£1,567	£0
Vale of York	£17,641	£0	£15,227	£61,012	£12,694	£582	£1,018	£2,648	£1,777	£0
Cleethorpes	£11,443	£0	£13,766	£68,878	£10,430	£824	£1,900	£4,457	£1,966	£5,829
Bracknell	£19,117	£0	£19,322	£64,443	£9,946	£579	£765	£1,890	£1,530	£0
Glasgow, Maryhill	£9,794	£0	£15,864	£61,813	£14,821	£1,013	£1,151	£8,493	£1,907	£0
Cumbernauld & Kilsyth	£20,902	£0	£18,752	£66,740	£20,771	£2,132	£311	£1,722	£1,961	£1,539
Thurrock	£15,194	£0	£19,325	£74,213	£6,902	£0	£266	£1,272	£1,871	£0
Penrith & The Border	£20,902	£1,618	£18,796	£68,599	£19,235	£239	£777	£1,167	£1,886	£0
West Derbyshire	£20,762	£1,618	£17,211	£67,588	£12,447	£156	£1,005	£2,932	£1,986	£729
Kingston upon Hull North	£20,902	£0	£12,653	£73,496	£12,910	£314	£527	£5,347	£1,864	£0
Harrow East	£9,350	£1,618	£18,898	£77,572	£0	£0	£460	£1,350	£2,033	£0
Rotherham	£20,510	£1,618	£17,746	£75,004	£14,853	£489	£669	£3,399	£1,875	£0
Slough	£827	£1,618	£16,787	£77,461	£260	£10	£2,540	£10,431	£1,869	£0
Hemel Hempstead	£20,885	£0	£18,887	£62,062	£13,712	£138	£3,323	£9,997	£1,934	£958
Blaydon	£20,902	£0	£19,279	£66,458	£26,162	£0	£48	£70	£1,065	£0
Birmingham, Perry Barr	£19,678	£0	£6,404	£77,459	£8,997	£1,773	£721	£2,358	£2,444	£10,190
Halifax	£17,563	£0	£17,777	£70,916	£13,761	£1,714	£2,262	£5,873	£2,016	£0
Woking	£10,852	£0	£14,302	£76,003	£7,617	£0	£494	£1,353	£1,382	£0
Amber Valley	£9,215	£0	£6,428	£83,233	£7,790	£791	£630	£2,736	£1,744	£7,083
Newry & Armagh	£12,032	£0	£19,324	£66,458	£20,216	£732	£260	£768	£439	£0
Hartlepool	£7,893	£0	£5,474	£36,346	£4,249	£2,090	£116	£140	£1,337	£30,927	Mandelson	Peter
Bassetlaw	£16,160	£0	£19,078	£74,214	£9,904	£1,503	£4,661	£13,692	£2,000	£3,234
Stratford-on-Avon	£20,867	£0	£17,936	£66,544	£7,221	£84	£568	£1,244	£2,004	£0
Wolverhampton South West	£10,562	£0	£19,325	£66,001	£3,021	£309	£1,185	£3,052	£1,808	£5,808
Blackpool South	£9,351	£0	£17,098	£72,537	£14,291	£193	£1,264	£3,221	£1,907	£373
Shrewsbury & Atcham	£19,702	£0	£19,325	£70,336	£29,982	£0	£480	£2,020	£2,054	£0
Glasgow, Shettleston	£12,050	£0	£13,177	£66,521	£16,287	£1,129	£608	£1,655	£1,572	£0
Medway	£17,980	£0	£18,450	£71,210	£2,612	£190	£920	£3,197	£1,871	£0
Glasgow, Springburn	£6,106	£0	£14,211	£52,754	£15,055	£587	£123	£665	£1,652	£0
Carlisle	£19,065	£0	£16,432	£64,525	£15,026	£0	£663	£1,198	£1,803	£0
East Hampshire	£20,543	£0	£18,872	£67,675	£7,627	£987	£620	£1,974	£2,115	£0
Horsham	£7,050	£0	£19,324	£73,437	£4,004	£0	£320	£621	£1,940	£1,170
North West Cambridgeshire	£0	£0	£7,875	£71,534	£11,956	£105	£217	£0	£1,843	£0
Maidenhead	£0	£0	£18,113	£60,084	£1,602	£0	£568	£1,397	£1,537	£0
Oldham West & Royton	£5,835	£0	£19,008	£74,530	£11,500	£1,009	£1,042	£3,594	£1,771	£0
Mansfield	£20,899	£0	£19,324	£55,790	£23,118	£1,911	£886	£4,430	£1,937	£0
Newark	£20,878	£0	£13,408	£76,253	£13,142	£284	£451	£2,342	£2,000	£0
Lincoln	£20,064	£1,618	£18,687	£74,442	£8,357	£1,594	£2,289	£10,794	£2,009	£0
Cardiff South & Penarth	£20,902	£1,618	£19,325	£70,336	£1,572	£1,195	£463	£1,167	£1,634	£0
Darlington	£20,902	£908	£19,280	£70,336	£22,617	£4,171	£2,109	£6,554	£2,054	£5,208
South Shields	£13,537	£1,618	£18,292	£68,423	£10,652	£1,415	£1,002	£2,063	£1,905	£0
Ellesmere Port & Neston	£19,365	£0	£19,043	£69,201	£14,250	£1,322	£1,320	£3,409	£1,992	£0
Sutton Coldfield	£20,902	£0	£18,866	£68,999	£9,934	£163	£707	£4,387	£1,944	£0
Great Grimsby	£20,715	£0	£12,892	£75,865	£16,934	£2,056	£1,881	£4,803	£1,841	£0
East Lothian	£19,446	£0	£21,205	£68,244	£27,009	£2,479	£708	£1,454	£1,901	£0
Crawley	£0	£0	£19,290	£68,048	£4,670	£0	£1,909	£5,790	£1,933	£0
Ipswich	£19,554	£0	£14,930	£74,668	£3,484	£119	£1,105	£5,281	£1,960	£0
Kirkcaldy	£20,902	£0	£19,296	£64,980	£20,335	£940	£112	£0	£1,847	£0
Tweeddale, Ettrick & Lauderdale	£19,909	£0	£17,977	£69,768	£19,180	£1,791	£201	£1,905	£1,987	£0
Luton South	£13,796	£1,618	£19,324	£82,233	£2,423	£0	£12,091	£35,347	£1,737	£0
Cardiff North	£9,537	£0	£18,988	£70,672	£8,443	£2,330	£737	£2,037	£1,934	£0
Scunthorpe	£20,902	£1,618	£18,668	£58,486	£11,289	£0	£335	£1,200	£1,557	£0
Birmingham, Yardley	£18,971	£1,618	£18,746	£65,198	£5,936	£1,873	£1,398	£3,320	£2,054	£0
North East Cambridgeshire	£20,846	£0	£15,762	£72,327	£10,648	£0	£535	£944	£2,039	£0
Colne Valley	£20,902	£0	£20,776	£66,906	£20,353	£1,609	£912	£1,163	£1,979	£0
Leeds East	£18,271	£0	£18,359	£67,419	£12,724	£1,821	£872	£1,677	£1,883	£0
Sunderland South	£4,172	£1,618	£11,487	£66,458	£5,465	£528	£529	£2,364	£1,500	£0
Sheffield, Heeley	£20,902	£0	£16,253	£69,449	£12,301	£2,591	£2,022	£11,598	£1,968	£0
Wansbeck	£20,720	£0	£17,876	£71,500	£17,345	£0	£318	£1,052	£1,836	£0
Eastwood	£20,902	£1,618	£19,325	£66,458	£18,146	£336	£5,510	£13,550	£2,021	£0
Torfaen	£14,414	£1,618	£18,525	£70,821	£0	£86	£468	£849	£1,943	£0
Westbury	£20,902	£0	£18,776	£70,141	£6,421	£27	£1,018	£4,411	£1,968	£0
Bristol North West	£18,648	£0	£17,155	£69,558	£10,827	£1,298	£1,030	£2,385	£1,985	£3,708
Tunbridge Wells	£10,806	£0	£13,637	£76,360	£11,255	£89	£264	£2,582	£1,345	£0
Wansdyke	£20,889	£0	£19,302	£70,336	£20,546	£2,250	£2,549	£10,060	£2,021	£0
Winchester	£20,902	£0	£19,233	£74,084	£8,598	£174	£1,828	£4,046	£1,938	£8,366
Normanton	£16,047	£0	£3,812	£70,719	£12,691	£2,446	£146	£710	£1,947	£0
North Warwickshire	£9,723	£1,618	£19,325	£69,386	£7,834	£15	£681	£1,950	£1,799	£5,277
Eddisbury	£20,902	£0	£18,521	£75,017	£18,857	£0	£653	£2,221	£1,766	£2,367
Knowsley South	£20,902	£0	£17,242	£65,715	£18,256	£1,124	£323	£810	£1,346	£0
Nuneaton	£19,783	£0	£13,452	£69,589	£8,492	£960	£188	£263	£1,883	£0
Ochil	£20,902	£0	£19,325	£69,810	£29,680	£0	£595	£861	£363	£0
Montgomeryshire	£14,026	£0	£15,036	£81,670	£12,843	£45	£360	£1,145	£2,000	£0
Forest of Dean	£20,902	£0	£19,060	£65,438	£13,464	£1,025	£2,195	£6,992	£1,925	£0
Tatton	£20,888	£0	£18,384	£70,852	£11,535	£691	£1,542	£1,662	£1,968	£0
Ayr	£20,874	£0	£19,324	£58,210	£16,972	£42	£580	£922	£2,021	£5,537
Croydon South	£20,902	£0	£19,226	£75,757	£4,427	£0	£516	£1,685	£1,587	£0
Ynys Mon	£16,945	£0	£15,513	£63,429	£13,189	£175	£509	£1,603	£1,938	£0
South West Hertfordshire	£17,791	£0	£10,221	£70,386	£4,229	£0	£385	£1,690	£1,369	£3,835
South East Cambridgeshire	£20,166	£0	£19,282	£66,319	£12,963	£0	£479	£1,587	£1,402	£0
North Antrim	£20,900	£0	£9,215	£61,835	£9,462	£0	£156	£280	£0	£0
Broxtowe	£20,902	£0	£17,045	£72,223	£7,794	£602	£1,517	£6,812	£2,028	£969
North Shropshire	£20,885	£0	£19,238	£74,214	£18,839	£846	£579	£2,310	£1,493	£0
Dudley South	£20,897	£1,618	£19,408	£62,442	£8,591	£170	£450	£1,568	£1,966	£5,521
Ilford North	£14,667	£0	£15,395	£73,815	£1,639	£0	£2,741	£7,669	£1,898	£0
Brentwood & Ongar	£12,776	£0	£15,626	£77,897	£5,146	£0	£1,198	£2,959	£1,991	£0
West Lancashire	£20,902	£0	£18,479	£68,397	£12,963	£2,203	£580	£1,878	£1,888	£0
Burnley	£20,902	£0	£16,241	£73,126	£20,634	£3,473	£1,745	£5,639	£2,064	£8,338
Warwick & Leamington	£20,899	£0	£19,314	£70,336	£6,699	£0	£3,556	£12,621	£2,109	£0
St Albans	£18,762	£0	£18,646	£64,977	£10,016	£31	£2,252	£4,353	£1,934	£4,469
Gravesham	£20,902	£1,618	£10,496	£78,575	£10,526	£117	£631	£1,425	£1,923	£4,942
Hyndburn	£15,456	£0	£18,397	£57,906	£13,055	£1,044	£526	£1,335	£1,872	£1,446
Kensington & Chelsea	£0	£1,618	£12,031	£61,482	£223	£0	£252	£0	£1,341	£0
Ealing North	£1,129	£0	£7,250	£89,592	£6,108	£0	£1,183	£3,230	£1,904	£0
Lewisham East	£0	£1,618	£19,274	£77,534	£1,493	£0	£996	£2,456	£1,962	£0
Pendle	£19,564	£0	£18,082	£66,151	£15,295	£810	£591	£1,938	£1,919	£0
Kingston upon Hull East	£14,166	£0	£12,401	£70,698	£3,981	£515	£859	£1,162	£1,712	£0
Carmarthen East & Dinefwr	£20,902	£0	£19,318	£70,336	£12,379	£1,627	£268	£805	£1,838	£0
Bristol South	£17,575	£1,618	£17,308	£68,474	£7,664	£350	£1,387	£2,980	£2,004	£3,305
Hertford & Stortford	£20,628	£0	£14,530	£72,108	£3,192	£18	£732	£1,363	£2,006	£0
Dover	£18,397	£0	£16,592	£72,236	£4,704	£0	£1,296	£3,335	£2,000	£0
Southport	£19,326	£0	£15,617	£74,012	£6,011	£380	£1,227	£2,385	£1,797	£0
Wolverhampton North East	£13,205	£0	£19,325	£70,291	£12,398	£0	£455	£1,841	£1,844	£0
Stalybridge & Hyde	£20,845	£0	£18,997	£69,172	£13,255	£2,255	£2,287	£6,335	£1,887	£0
Gateshead East & Washington West	£13,468	£0	£19,061	£67,424	£14,784	£569	£457	£1,872	£1,346	£2,112
Scarborough & Whitby	£17,520	£0	£18,379	£71,278	£20,565	£2,023	£1,248	£3,200	£2,009	£0
Harlow	£20,902	£1,618	£19,278	£77,534	£2,455	£0	£5,572	£15,982	£2,000	£0
Uxbridge	£0	£1,618	£14,299	£71,220	£5,029	£0	£793	£3,810	£1,733	£0
Portsmouth North	£7,752	£0	£12,815	£69,542	£7,270	£0	£149	£70	£1,812	£1,241
Greenwich & Woolwich	£0	£1,618	£16,327	£77,011	£0	£0	£1,608	£2,908	£1,381	£0
Wokingham	£13,305	£0	£18,490	£65,404	£6,064	£520	£626	£1,471	£1,713	£0
Loughborough	£20,902	£0	£19,325	£74,214	£9,516	£190	£1,622	£5,707	£1,979	£0
Argyll & Bute	£8,546	£0	£19,305	£43,962	£15,876	£0	£507	£801	£1,947	£0
Hamilton North & Bellshill	£16,757	£1,618	£18,135	£47,184	£8,146	£0	£729	£2,735	£1,134	£0
Newbury	£20,902	£0	£19,325	£69,785	£5,184	£131	£692	£1,991	£1,840	£0
Blaby	£20,902	£0	£16,917	£74,630	£6,795	£287	£367	£1,302	£1,577	£0
Moray	£17,372	£0	£19,324	£70,147	£29,992	£4,197	£1,779	£5,427	£1,923	£10,615
Faversham & Mid Kent	£20,902	£0	£18,762	£66,999	£8,617	£89	£356	£1,039	£1,968	£0
Glasgow, Anniesland	£20,902	£0	£19,180	£63,123	£21,260	£2,177	£498	£827	£2,009	£0
Tewkesbury	£20,902	£0	£19,325	£70,330	£18,818	£438	£244	£420	£1,750	£0
Coventry North West	£0	£0	£0	£89,661	£9,390	£209	£904	£2,579	£1,590	£0
Strangford	£20,541	£0	£14,996	£60,379	£21,879	£1,447	£469	£1,225	£1,938	£12,025
Belfast East	£19,329	£0	£10,934	£75,223	£15,830	£1,408	£61	£0	£1,947	£0
Hornsey & Wood Green	£0	£1,618	£19,288	£77,571	£2,048	£0	£5,938	£15,652	£1,976	£4,379
Broxbourne	£20,902	£0	£13,179	£61,143	£13,291	£57	£1,267	£1,819	£1,622	£0
Bradford North	£12,098	£0	£19,325	£59,536	£16,769	£0	£2,651	£2,725	£1,966	£8,376
Romford	£20,900	£0	£19,222	£77,637	£11,164	£177	£4,267	£7,133	£1,908	£0
Dundee West	£17,686	£0	£18,181	£70,671	£17,271	£2,168	£744	£1,123	£2,021	£0
Motherwell & Wishaw	£20,513	£0	£19,015	£70,291	£18,551	£2,878	£1,391	£5,322	£1,488	£0
Vale of Clwyd	£19,560	£0	£15,680	£72,028	£12,302	£1,059	£3,009	£6,433	£1,827	£0
Lewisham, Deptford	£0	£1,618	£13,545	£81,338	£2,203	£0	£1,588	£4,358	£1,962	£0
Bury St Edmunds	£20,902	£0	£19,304	£74,194	£5,579	£814	£1,646	£3,746	£1,803	£0
Colchester	£12,683	£0	£18,753	£68,968	£5,151	£1,160	£1,519	£3,797	£1,908	£0
Chester, City of	£20,784	£0	£17,521	£75,979	£12,941	£1,959	£1,200	£3,650	£1,828	£0
Enfield North	£20,290	£1,618	£19,302	£77,104	£837	£0	£7,356	£20,849	£1,833	£0
Banff & Buchan	£20,815	£0	£19,309	£68,623	£27,966	£2,422	£1,943	£6,222	£2,000	£0
Reading West	£0	£0	£18,013	£70,214	£6,492	£58	£3,054	£10,220	£1,986	£0
Torbay	£18,354	£0	£17,256	£72,274	£12,829	£2,476	£1,339	£5,195	£1,961	£0
Glasgow, Govan	£20,822	£0	£19,286	£77,464	£23,993	£1,424	£2,233	£7,999	£1,886	£0
Aberdeen North	£18,410	£0	£17,271	£69,239	£17,913	£1,187	£318	£1,527	£1,876	£0
Kettering	£19,591	£0	£19,273	£66,382	£6,024	£256	£1,243	£4,576	£1,908	£0
Mid Bedfordshire	£20,501	£0	£19,319	£74,053	£9,450	£154	£939	£3,130	£1,953	£0
Hackney South & Shoreditch	£0	£1,618	£3,969	£90,409	£2,128	£0	£307	£581	£1,875	£0
South West Bedfordshire	£20,902	£0	£12,317	£84,502	£5,711	£20	£1,549	£6,826	£1,945	£0
Chatham & Aylesford	£15,857	£0	£19,315	£70,318	£5,025	£122	£2,137	£5,745	£1,991	£0
Huddersfield	£20,902	£0	£18,403	£72,495	£21,785	£2,614	£990	£5,103	£1,953	£9,619
South West Norfolk	£9,015	£0	£11,544	£58,061	£7,872	£0	£524	£2,184	£1,812	£0
Aldridge-Brownhills	£7,284	£0	£17,570	£63,973	£9,388	£325	£457	£1,325	£1,513	£0
West Renfrewshire	£20,902	£0	£21,184	£65,308	£26,244	£1,338	£938	£7,826	£1,952	£0
Stourbridge	£20,902	£0	£17,406	£71,978	£8,733	£691	£1,409	£5,688	£1,894	£0
Birmingham, Ladywood	£20,902	£0	£3,022	£84,558	£8,116	£191	£845	£2,050	£1,920	£0
Boston & Skegness	£20,902	£0	£19,322	£74,026	£13,176	£713	£996	£2,408	£1,809	£889
Birmingham, Erdington	£20,400	£0	£18,007	£70,073	£9,252	£1,564	£466	£1,047	£1,858	£0
Nottingham South	£20,901	£0	£19,325	£70,336	£10,211	£579	£1,891	£9,253	£2,023	£1,652
Mid Norfolk	£18,256	£0	£18,755	£70,836	£11,042	£0	£431	£1,029	£1,888	£0
Bradford West	£16,439	£0	£16,851	£72,286	£7,895	£238	£1,361	£3,901	£1,942	£2,354
Bolsover	£14,053	£0	£2,888	£46,132	£9,983	£819	£424	£770	£418	£0
Oxford East	£20,817	£706	£19,237	£70,046	£3,608	£198	£1,803	£5,099	£1,919	£10,956
Basildon	£16,227	£1,618	£19,259	£70,299	£3,330	£145	£1,102	£3,207	£2,064	£0
Islington South & Finsbury	£0	£1,618	£4,041	£91,336	£4,767	£0	£856	£2,595	£1,401	£0
Morecambe & Lunesdale	£20,902	£0	£19,299	£74,214	£13,070	£3,840	£1,067	£2,878	£1,934	£0
Redditch	£20,902	£1,618	£19,310	£66,361	£9,700	£637	£5,777	£15,035	£1,962	£0
Vale of Glamorgan	£20,620	£0	£19,325	£52,165	£17,129	£799	£1,104	£3,735	£1,966	£0
Blaenau Gwent	£2,035	£0	£12,974	£75,361	£10,069	£0	£474	£1,925	£1,832	£0
West Aberdeenshire & Kincardine	£15,636	£0	£18,649	£64,539	£18,896	£1,603	£894	£3,133	£1,306	£0
Belfast South	£8,374	£0	£9,540	£57,800	£11,705	£526	£276	£1,172	£1,622	£0
Mid Sussex	£20,730	£0	£19,254	£69,998	£4,854	£82	£986	£1,970	£1,419	£0
Ealing, Acton & Shepherd's Bush	£0	£1,618	£15,892	£77,534	£723	£0	£280	£840	£1,543	£0
Warrington South	£19,527	£0	£18,268	£68,942	£8,930	£2,355	£496	£2,147	£1,597	£0
Warley	£10,455	£1,618	£8,463	£74,735	£6,272	£1,745	£603	£2,263	£1,372	£0
Meriden	£13,093	£0	£18,607	£39,117	£12,373	£797	£1,114	£4,021	£2,236	£0
West Worcestershire	£20,902	£0	£19,315	£63,209	£6,789	£0	£941	£1,824	£1,943	£0
Castle Point	£20,902	£0	£12,247	£84,375	£12,880	£329	£1,275	£3,148	£1,885	£0
West Suffolk	£15,622	£0	£19,313	£68,474	£6,381	£333	£945	£2,163	£1,415	£0
Dunfermline West	£16,441	£0	£15,597	£59,829	£11,447	£725	£364	£1,109	£1,606	£0
Tonbridge & Malling	£20,902	£0	£7,817	£44,623	£2,185	£0	£919	£2,100	£1,549	£1,084
Milton Keynes South West	£14,054	£0	£19,131	£70,513	£5,692	£392	£1,339	£3,099	£1,980	£0
Totnes	£20,902	£0	£17,570	£76,155	£16,034	£312	£1,202	£2,869	£1,897	£8,368
Durham, City of	£20,902	£0	£19,105	£66,611	£12,906	£1,828	£474	£990	£1,821	£0
Stoke-on-Trent South	£19,332	£0	£15,522	£70,729	£7,964	£438	£262	£1,130	£1,840	£0
Inverness East, Nairn & Lochaber	£19,474	£0	£19,307	£68,395	£19,892	£3,460	£1,906	£6,353	£1,853	£0
Eccles	£20,902	£0	£18,610	£73,969	£22,959	£1,232	£878	£2,985	£1,453	£0
Wellingborough	£20,897	£0	£19,320	£70,336	£7,816	£270	£3,210	£6,335	£1,842	£0
Dartford	£18,265	£0	£19,325	£70,236	£3,341	£0	£2,005	£4,963	£2,002	£0
Edinburgh East & Musselburgh	£10,806	£0	£13,887	£72,794	£13,114	£0	£330	£1,140	£1,952	£0
Blackburn	£17,780	£1,618	£19,074	£63,606	£5,573	£566	£1,954	£3,240	£1,998	£3,481
South West Devon	£20,878	£0	£14,423	£77,160	£12,222	£0	£755	£2,336	£1,966	£0
Manchester, Blackley	£16,086	£0	£18,012	£64,937	£19,106	£0	£716	£1,577	£1,853	£0
Birmingham, Edgbaston	£20,473	£0	£18,168	£70,336	£11,293	£1,258	£1,446	£4,673	£1,945	£0
Hazel Grove	£16,024	£0	£16,702	£72,959	£7,135	£2,047	£575	£2,290	£1,970	£0
Bradford South	£14,744	£1,618	£17,438	£66,521	£11,552	£458	£866	£1,029	£2,010	£10,158
New Forest West	£19,695	£0	£15,445	£72,128	£6,340	£406	£501	£1,767	£1,898	£0
East Devon	£20,899	£0	£19,165	£70,496	£11,460	£0	£496	£1,366	£1,945	£0
Poole	£20,902	£0	£19,325	£63,788	£8,415	£0	£350	£1,419	£812	£0
Alyn & Deeside	£20,143	£0	£14,416	£79,122	£12,782	£1,482	£1,145	£3,465	£1,488	£0
Louth & Horncastle	£20,902	£0	£9,323	£84,215	£5,259	£0	£555	£2,386	£1,576	£0
Dewsbury	£20,902	£0	£16,743	£63,645	£14,349	£1,246	£104	£743	£1,936	£0
Stockton South	£17,055	£0	£17,997	£68,975	£19,238	£3,361	£2,602	£7,981	£1,914	£0
North West Leicestershire	£18,558	£0	£18,595	£69,983	£13,835	£353	£805	£3,623	£1,533	£0
Esher & Walton	£20,902	£0	£13,113	£78,910	£6,307	£0	£525	£1,959	£1,762	£0
Solihull	£20,902	£0	£16,997	£49,317	£8,706	£0	£768	£1,540	£1,966	£0
Truro & St Austell	£20,902	£0	£19,325	£73,999	£15,592	£1,610	£1,623	£6,335	£1,934	£0
Wyre Forest	£20,700	£0	£6,141	£60,052	£5,446	£0	£415	£1,055	£818	£0
Rochford & Southend East	£17,523	£0	£6,209	£67,289	£5,016	£0	£903	£2,573	£1,875	£0
Brent East	£0	£1,618	£18,774	£83,659	£952	£0	£1,637	£3,581	£30	£0
Clwyd West	£20,901	£0	£18,677	£74,231	£13,428	£0	£320	£1,013	£1,898	£0
Harrow West	£18,163	£0	£17,272	£77,287	£1,331	£0	£1,725	£5,817	£1,962	£0
Ceredigion	£19,753	£0	£18,897	£59,681	£14,352	£493	£696	£2,249	£1,970	£0
Caithness, Sutherland & Easter Ross	£18,296	£0	£18,825	£74,707	£28,182	£882	£751	£2,014	£1,609	£0
East Ham	£0	£1,618	£10,402	£86,456	£0	£0	£966	£1,858	£1,844	£0
Sherwood	£10,853	£0	£19,325	£70,209	£15,677	£155	£2,314	£7,726	£1,424	£0
South Derbyshire	£20,902	£0	£19,066	£69,849	£6,944	£734	£1,434	£2,789	£1,996	£0
Richmond Park	£16,579	£0	£19,308	£77,550	£1,595	£0	£164	£532	£1,966	£0
Islwyn	£20,902	£1,618	£13,785	£71,997	£3,789	£1,343	£805	£1,681	£1,887	£0
Bosworth	£20,902	£0	£12,339	£80,670	£12,541	£226	£322	£850	£1,709	£3,067
Windsor	£0	£0	£20,165	£62,438	£3,633	£0	£161	£490	£2,034	£2,100
Hemsworth	£20,902	£0	£19,089	£74,214	£10,320	£0	£592	£935	£2,060	£0
Upper Bann	£15,363	£0	£19,314	£48,395	£18,974	£1,885	£826	£2,954	£1,083	£0
Pudsey	£9,288	£0	£18,888	£70,336	£11,357	£119	£3,854	£10,604	£1,927	£0
Isle of Wight	£19,983	£0	£17,326	£72,664	£6,783	£1,053	£1,235	£2,333	£1,877	£0
Wolverhampton South East	£16,458	£0	£11,094	£67,126	£8,166	£173	£241	£705	£1,888	£0
Brighton, Kemptown	£11,632	£0	£18,758	£74,477	£5,508	£848	£2,939	£9,094	£1,883	£1,140
Wigan	£20,902	£0	£19,012	£66,294	£11,637	£0	£1,647	£4,629	£1,199	£0
Halton	£18,054	£1,618	£18,982	£61,166	£13,213	£804	£993	£2,716	£1,885	£0
Enfield, Southgate	£0	£1,618	£9,664	£87,177	£470	£0	£2,498	£11,054	£1,840	£0
North Cornwall	£13,515	£0	£19,102	£67,682	£16,769	£780	£1,002	£2,496	£2,041	£0
Hamilton South	£20,902	£0	£14,044	£65,860	£16,016	£393	£700	£1,607	£1,989	£0
Chichester	£20,902	£0	£10,353	£84,625	£7,108	£60	£1,063	£1,746	£1,627	£13,384
Leicester East	£20,795	£0	£19,286	£76,107	£13,649	£111	£2,097	£4,607	£1,721	£0
Gosport	£20,371	£0	£17,242	£71,682	£12,248	£0	£335	£1,157	£1,966	£0
Finchley & Golders Green	£0	£1,618	£19,298	£77,511	£4,680	£0	£3,260	£7,405	£1,875	£0
Stoke-on-Trent North	£18,278	£0	£19,293	£72,981	£11,521	£2,248	£1,624	£6,348	£1,986	£0
North Dorset	£20,902	£0	£11,907	£84,951	£12,598	£532	£844	£2,448	£1,978	£0
Watford	£20,902	£0	£18,538	£74,908	£3,158	£0	£7,027	£23,811	£1,618	£0
Liverpool, West Derby	£20,902	£0	£19,305	£73,419	£16,168	£588	£140	£747	£1,992	£0
Eastbourne	£20,902	£0	£19,325	£70,170	£5,164	£0	£465	£800	£1,788	£0
Upminster	£13,610	£0	£19,013	£68,280	£7,277	£0	£831	£2,276	£1,848	£0
West Bromwich East	£13,995	£470	£19,325	£75,593	£10,548	£69	£4,836	£12,761	£2,000	£0
St Helens North	£13,945	£0	£17,278	£61,385	£14,804	£0	£546	£1,391	£1,970	£0
Northavon	£12,372	£0	£16,834	£72,813	£7,977	£174	£1,192	£3,414	£1,863	£0
Angus	£19,409	£0	£19,319	£66,577	£14,993	£4,620	£952	£3,154	£1,930	£0
North East Milton Keynes	£20,457	£0	£15,821	£73,620	£5,808	£150	£902	£3,155	£1,932	£0
Southampton, Test	£15,129	£0	£18,606	£68,720	£5,099	£483	£1,876	£4,098	£1,979	£0
Maldon & East Chelmsford	£19,377	£0	£14,340	£61,819	£11,967	£0	£423	£778	£1,974	£0
Croydon North	£0	£1,618	£19,118	£77,511	£0	£0	£598	£1,502	£1,832	£0
Maidstone & The Weald	£9,206	£0	£19,296	£72,275	£2,164	£225	£1,146	£3,093	£1,420	£2,992
Leominster	£20,902	£0	£19,072	£73,498	£13,088	£0	£682	£2,483	£1,743	£0
Ruislip - Northwood	£20,902	£0	£8,863	£74,179	£4,249	£131	£408	£780	£1,802	£0
Havant	£20,902	£0	£18,858	£74,680	£5,830	£141	£558	£2,626	£1,875	£0
Swansea West	£4,521	£0	£7,244	£64,099	£7,586	£412	£491	£913	£893	£0
Conwy	£11,388	£0	£7,528	£65,858	£14,436	£1,059	£747	£6,596	£1,968	£21
Caernarfon	£20,553	£0	£19,311	£66,458	£15,343	£2,006	£940	£1,044	£1,682	£0
Brecon & Radnorshire	£20,680	£0	£19,216	£73,663	£15,026	£0	£300	£869	£1,945	£0
Harrogate & Knaresborough	£17,058	£0	£19,325	£70,336	£19,793	£219	£1,421	£4,109	£2,064	£0
North Swindon	£16,948	£0	£11,847	£77,813	£3,016	£0	£1,716	£4,927	£1,355	£0
Spelthorne	£20,902	£0	£12,325	£77,986	£5,903	£0	£4,175	£9,776	£1,890	£0
Cunninghame North	£20,900	£0	£19,317	£70,333	£32,968	£2,540	£209	£885	£1,830	£0
Walsall North	£8,621	£0	£5,036	£58,430	£4,605	£0	£308	£708	£1,201	£0
Congleton	£18,528	£0	£18,079	£58,017	£3,966	£0	£1,085	£3,066	£1,483	£0
Macclesfield	£14,327	£0	£11,710	£52,083	£10,166	£0	£766	£1,077	£1,630	£518
Doncaster Central	£20,902	£1,618	£18,792	£67,524	£10,962	£0	£1,216	£3,141	£1,838	£0
North Tayside	£19,200	£0	£13,520	£65,110	£22,419	£3,694	£1,620	£3,931	£1,912	£0
Batley & Spen	£19,555	£0	£16,407	£73,254	£8,771	£748	£1,484	£4,826	£1,933	£1,251
St Helens South	£20,902	£0	£19,325	£74,214	£11,072	£2,512	£1,440	£2,245	£1,494	£0
Oldham East & Saddleworth	£19,301	£1,618	£18,612	£67,986	£24,311	£1,273	£604	£1,611	£1,970	£5,862
Clydebank & Milngavie	£9,554	£0	£9,546	£58,243	£19,338	£1,060	£354	£1,168	£1,355	£0
Glasgow, Baillieston	£20,902	£0	£9,512	£56,759	£10,290	£190	£0	£0	£1,989	£0
Great Yarmouth	£18,493	£0	£19,274	£70,336	£9,453	£699	£865	£1,929	£1,932	£0
Telford	£18,744	£0	£10,375	£59,706	£8,353	£98	£684	£1,812	£1,877	£0
Hartlepool	£7,116	£0	£13,108	£25,956	£8,565	£0	£1,553	£5,149	£55	£0	Wright 	Iain
Cannock Chase	£17,910	£0	£19,318	£65,296	£10,618	£1,492	£2,088	£5,889	£1,950	£0
Sittingbourne & Sheppey	£20,902	£0	£19,305	£72,275	£7,091	£137	£2,420	£5,841	£1,984	£0
South Suffolk	£20,902	£0	£18,080	£75,434	£12,327	£227	£1,283	£1,828	£1,958	£0
North West Hampshire	£17,694	£0	£13,759	£75,902	£7,397	£89	£1,088	£4,186	£1,530	£0
Teignbridge	£20,615	£0	£18,703	£70,312	£13,562	£1,050	£2,925	£9,040	£1,834	£0
